"2020-10-23_Version5.1.201209.1644_ScannedImagesFolder_BF_L03_F13_210812102041_44207_000_Uploaded.png","2020-10-23","Version5.1.201209.1644","ScannedImagesFolder","BF","L03","F13","210812102041","44207","000","Uploaded"
"2020-10-23_Version5.1.201209.1644_ScannedImagesFolder_BF_L03_F13_210812102239_44988_000_Uploaded.png","2020-10-23","Version5.1.201209.1644","ScannedImagesFolder","BF","L03","F13","210812102239","44988","000","Uploaded"
"2020-10-23_Version5.1.201209.1644_ScannedImagesFolder_BF_L03_F13_210812102340_44821_000_Uploaded.png","2020-10-23","Version5.1.201209.1644","ScannedImagesFolder","BF","L03","F13","210812102340","44821","000","Uploaded"
"2020-10-23_Version5.1.201209.1644_ScannedImagesFolder_BF_L03_F13_210812103047_44709_000_Uploaded.png","2020-10-23","Version5.1.201209.1644","ScannedImagesFolder","BF","L03","F13","210812103047","44709","000","Uploaded"
"2020-10-23_Version5.1.201209.1644_ScannedImagesFolder_BF_L03_F13_210812103425_39693_000_Uploaded.png","2020-10-23","Version5.1.201209.1644","ScannedImagesFolder","BF","L03","F13","210812103425","39693","000","Uploaded"
"2020-10-23_Version5.1.201209.1644_ScannedImagesFolder_BF_L03_F14_210812101019_44199_000_Uploaded.png","2020-10-23","Version5.1.201209.1644","ScannedImagesFolder","BF","L03","F14","210812101019","44199","000","Uploaded"
"2020-10-23_Version5.1.201209.1644_ScannedImagesFolder_BF_L03_F14_210812101144_44412_000_Uploaded.png","2020-10-23","Version5.1.201209.1644","ScannedImagesFolder","BF","L03","F14","210812101144","44412","000","Uploaded"
"2020-10-23_Version5.1.201209.1644_ScannedImagesFolder_BF_L03_F14_210812101517_44797_000_Uploaded.png","2020-10-23","Version5.1.201209.1644","ScannedImagesFolder","BF","L03","F14","210812101517","44797","000","Uploaded"
"2020-10-23_Version5.1.201209.1644_ScannedImagesFolder_BF_L03_F14_210812101752_44838_000_Uploaded.png","2020-10-23","Version5.1.201209.1644","ScannedImagesFolder","BF","L03","F14","210812101752","44838","000","Uploaded"
"2020-10-23_Version5.1.201209.1644_ScannedImagesFolder_BF_L03_F14_210812102537_44368_000_Uploaded.png","2020-10-23","Version5.1.201209.1644","ScannedImagesFolder","BF","L03","F14","210812102537","44368","000","Uploaded"
"2020-10-23_Version5.1.201209.1644_ScannedImagesFolder_BF_L03_F14_210812135059_44781_000_Uploaded.png","2020-10-23","Version5.1.201209.1644","ScannedImagesFolder","BF","L03","F14","210812135059","44781","000","Uploaded"
"2020-10-23_Version5.1.201209.1644_ScannedImagesFolder_BF_L03_F14_210812135150_44324_000_Uploaded.png","2020-10-23","Version5.1.201209.1644","ScannedImagesFolder","BF","L03","F14","210812135150","44324","000","Uploaded"
"2020-10-23_Version5.1.201209.1644_ScannedImagesFolder_BF_L03_F15_210812134621_44606_000_Uploaded.png","2020-10-23","Version5.1.201209.1644","ScannedImagesFolder","BF","L03","F15","210812134621","44606","000","Uploaded"
"2020-10-23_Version5.1.201209.1644_ScannedImagesFolder_BF_L03_F15_210812134810_44477_000_Uploaded.png","2020-10-23","Version5.1.201209.1644","ScannedImagesFolder","BF","L03","F15","210812134810","44477","000","Uploaded"
"2020-10-23_Version5.1.201209.1644_ScannedImagesFolder_BF_L03_F15_210812134956_45033_000_Uploaded.png","2020-10-23","Version5.1.201209.1644","ScannedImagesFolder","BF","L03","F15","210812134956","45033","000","Uploaded"
"2020-10-23_Version5.1.201209.1644_ScannedImagesFolder_BF_L05_F13_210812102041_44207_001_Uploaded.png","2020-10-23","Version5.1.201209.1644","ScannedImagesFolder","BF","L05","F13","210812102041","44207","001","Uploaded"
"2020-10-23_Version5.1.201209.1644_ScannedImagesFolder_BF_L05_F13_210812102041_44207_002_Uploaded.png","2020-10-23","Version5.1.201209.1644","ScannedImagesFolder","BF","L05","F13","210812102041","44207","002","Uploaded"
"2020-10-23_Version5.1.201209.1644_ScannedImagesFolder_BF_L05_F13_210812102239_44988_001_Uploaded.png","2020-10-23","Version5.1.201209.1644","ScannedImagesFolder","BF","L05","F13","210812102239","44988","001","Uploaded"
"2020-10-23_Version5.1.201209.1644_ScannedImagesFolder_BF_L05_F13_210812102239_44988_002_Uploaded.png","2020-10-23","Version5.1.201209.1644","ScannedImagesFolder","BF","L05","F13","210812102239","44988","002","Uploaded"
"2020-10-23_Version5.1.201209.1644_ScannedImagesFolder_BF_L05_F13_210812102340_44821_001_Uploaded.png","2020-10-23","Version5.1.201209.1644","ScannedImagesFolder","BF","L05","F13","210812102340","44821","001","Uploaded"
"2020-10-23_Version5.1.201209.1644_ScannedImagesFolder_BF_L05_F13_210812102340_44821_002_Uploaded.png","2020-10-23","Version5.1.201209.1644","ScannedImagesFolder","BF","L05","F13","210812102340","44821","002","Uploaded"
"2020-10-23_Version5.1.201209.1644_ScannedImagesFolder_BF_L05_F13_210812103047_44709_001_Uploaded.png","2020-10-23","Version5.1.201209.1644","ScannedImagesFolder","BF","L05","F13","210812103047","44709","001","Uploaded"
"2020-10-23_Version5.1.201209.1644_ScannedImagesFolder_BF_L05_F13_210812103047_44709_002_Uploaded.png","2020-10-23","Version5.1.201209.1644","ScannedImagesFolder","BF","L05","F13","210812103047","44709","002","Uploaded"
"2020-10-23_Version5.1.201209.1644_ScannedImagesFolder_BF_L05_F13_210812103425_39693_001_Uploaded.png","2020-10-23","Version5.1.201209.1644","ScannedImagesFolder","BF","L05","F13","210812103425","39693","001","Uploaded"
"2020-10-23_Version5.1.201209.1644_ScannedImagesFolder_BF_L05_F13_210812103425_39693_002_Uploaded.png","2020-10-23","Version5.1.201209.1644","ScannedImagesFolder","BF","L05","F13","210812103425","39693","002","Uploaded"
"2020-10-23_Version5.1.201209.1644_ScannedImagesFolder_BF_L05_F13_210812103425_39693_003_Uploaded.png","2020-10-23","Version5.1.201209.1644","ScannedImagesFolder","BF","L05","F13","210812103425","39693","003","Uploaded"
"2020-10-23_Version5.1.201209.1644_ScannedImagesFolder_BF_L05_F14_210812101019_44199_001_Uploaded.png","2020-10-23","Version5.1.201209.1644","ScannedImagesFolder","BF","L05","F14","210812101019","44199","001","Uploaded"
"2020-10-23_Version5.1.201209.1644_ScannedImagesFolder_BF_L05_F14_210812101019_44199_002_Uploaded.png","2020-10-23","Version5.1.201209.1644","ScannedImagesFolder","BF","L05","F14","210812101019","44199","002","Uploaded"
"2020-10-23_Version5.1.201209.1644_ScannedImagesFolder_BF_L05_F14_210812101144_44412_001_Uploaded.png","2020-10-23","Version5.1.201209.1644","ScannedImagesFolder","BF","L05","F14","210812101144","44412","001","Uploaded"
"2020-10-23_Version5.1.201209.1644_ScannedImagesFolder_BF_L05_F14_210812101144_44412_002_Uploaded.png","2020-10-23","Version5.1.201209.1644","ScannedImagesFolder","BF","L05","F14","210812101144","44412","002","Uploaded"
"2020-10-23_Version5.1.201209.1644_ScannedImagesFolder_BF_L05_F14_210812101517_44797_001_Uploaded.png","2020-10-23","Version5.1.201209.1644","ScannedImagesFolder","BF","L05","F14","210812101517","44797","001","Uploaded"
"2020-10-23_Version5.1.201209.1644_ScannedImagesFolder_BF_L05_F14_210812101517_44797_002_Uploaded.png","2020-10-23","Version5.1.201209.1644","ScannedImagesFolder","BF","L05","F14","210812101517","44797","002","Uploaded"
"2020-10-23_Version5.1.201209.1644_ScannedImagesFolder_BF_L05_F14_210812101752_44838_001_Uploaded.png","2020-10-23","Version5.1.201209.1644","ScannedImagesFolder","BF","L05","F14","210812101752","44838","001","Uploaded"
"2020-10-23_Version5.1.201209.1644_ScannedImagesFolder_BF_L05_F14_210812101752_44838_002_Uploaded.png","2020-10-23","Version5.1.201209.1644","ScannedImagesFolder","BF","L05","F14","210812101752","44838","002","Uploaded"
"2020-10-23_Version5.1.201209.1644_ScannedImagesFolder_BF_L05_F14_210812102537_44368_001_Uploaded.png","2020-10-23","Version5.1.201209.1644","ScannedImagesFolder","BF","L05","F14","210812102537","44368","001","Uploaded"
"2020-10-23_Version5.1.201209.1644_ScannedImagesFolder_BF_L05_F14_210812102537_44368_002_Uploaded.png","2020-10-23","Version5.1.201209.1644","ScannedImagesFolder","BF","L05","F14","210812102537","44368","002","Uploaded"
"2020-10-23_Version5.1.201209.1644_ScannedImagesFolder_BF_L05_F14_210812135059_44781_001_Uploaded.png","2020-10-23","Version5.1.201209.1644","ScannedImagesFolder","BF","L05","F14","210812135059","44781","001","Uploaded"
"2020-10-23_Version5.1.201209.1644_ScannedImagesFolder_BF_L05_F14_210812135059_44781_002_Uploaded.png","2020-10-23","Version5.1.201209.1644","ScannedImagesFolder","BF","L05","F14","210812135059","44781","002","Uploaded"
"2020-10-23_Version5.1.201209.1644_ScannedImagesFolder_BF_L05_F14_210812135150_44324_001_Uploaded.png","2020-10-23","Version5.1.201209.1644","ScannedImagesFolder","BF","L05","F14","210812135150","44324","001","Uploaded"
"2020-10-23_Version5.1.201209.1644_ScannedImagesFolder_BF_L05_F14_210812135150_44324_002_Uploaded.png","2020-10-23","Version5.1.201209.1644","ScannedImagesFolder","BF","L05","F14","210812135150","44324","002","Uploaded"
"2020-10-23_Version5.1.201209.1644_ScannedImagesFolder_BF_L05_F15_210812134621_44606_001_Uploaded.png","2020-10-23","Version5.1.201209.1644","ScannedImagesFolder","BF","L05","F15","210812134621","44606","001","Uploaded"
"2020-10-23_Version5.1.201209.1644_ScannedImagesFolder_BF_L05_F15_210812134621_44606_002_Uploaded.png","2020-10-23","Version5.1.201209.1644","ScannedImagesFolder","BF","L05","F15","210812134621","44606","002","Uploaded"
"2020-10-23_Version5.1.201209.1644_ScannedImagesFolder_BF_L05_F15_210812134810_44477_001_Uploaded.png","2020-10-23","Version5.1.201209.1644","ScannedImagesFolder","BF","L05","F15","210812134810","44477","001","Uploaded"
"2020-10-23_Version5.1.201209.1644_ScannedImagesFolder_BF_L05_F15_210812134810_44477_002_Uploaded.png","2020-10-23","Version5.1.201209.1644","ScannedImagesFolder","BF","L05","F15","210812134810","44477","002","Uploaded"
"2020-10-23_Version5.1.201209.1644_ScannedImagesFolder_BF_L05_F15_210812134956_45033_001_Uploaded.png","2020-10-23","Version5.1.201209.1644","ScannedImagesFolder","BF","L05","F15","210812134956","45033","001","Uploaded"
"2020-10-23_Version5.1.201209.1644_ScannedImagesFolder_BF_L05_F15_210812134956_45033_002_Uploaded.png","2020-10-23","Version5.1.201209.1644","ScannedImagesFolder","BF","L05","F15","210812134956","45033","002","Uploaded"
"2020-10-23_Version5.1.201209.1644_ScannedImagesFolder_BF_L06_F13_210812102041_44207_003_Uploaded.png","2020-10-23","Version5.1.201209.1644","ScannedImagesFolder","BF","L06","F13","210812102041","44207","003","Uploaded"
"2020-10-23_Version5.1.201209.1644_ScannedImagesFolder_BF_L06_F13_210812102041_44207_004_Uploaded.png","2020-10-23","Version5.1.201209.1644","ScannedImagesFolder","BF","L06","F13","210812102041","44207","004","Uploaded"
"2020-10-23_Version5.1.201209.1644_ScannedImagesFolder_BF_L06_F13_210812102239_44988_003_Uploaded.png","2020-10-23","Version5.1.201209.1644","ScannedImagesFolder","BF","L06","F13","210812102239","44988","003","Uploaded"
"2020-10-23_Version5.1.201209.1644_ScannedImagesFolder_BF_L06_F13_210812102239_44988_004_Uploaded.png","2020-10-23","Version5.1.201209.1644","ScannedImagesFolder","BF","L06","F13","210812102239","44988","004","Uploaded"
"2020-10-23_Version5.1.201209.1644_ScannedImagesFolder_BF_L06_F13_210812102340_44821_003_Uploaded.png","2020-10-23","Version5.1.201209.1644","ScannedImagesFolder","BF","L06","F13","210812102340","44821","003","Uploaded"
"2020-10-23_Version5.1.201209.1644_ScannedImagesFolder_BF_L06_F13_210812102340_44821_004_Uploaded.png","2020-10-23","Version5.1.201209.1644","ScannedImagesFolder","BF","L06","F13","210812102340","44821","004","Uploaded"
"2020-10-23_Version5.1.201209.1644_ScannedImagesFolder_BF_L06_F13_210812103047_44709_003_Uploaded.png","2020-10-23","Version5.1.201209.1644","ScannedImagesFolder","BF","L06","F13","210812103047","44709","003","Uploaded"
"2020-10-23_Version5.1.201209.1644_ScannedImagesFolder_BF_L06_F13_210812103047_44709_004_Uploaded.png","2020-10-23","Version5.1.201209.1644","ScannedImagesFolder","BF","L06","F13","210812103047","44709","004","Uploaded"
"2020-10-23_Version5.1.201209.1644_ScannedImagesFolder_BF_L06_F13_210812103425_39693_004_Uploaded.png","2020-10-23","Version5.1.201209.1644","ScannedImagesFolder","BF","L06","F13","210812103425","39693","004","Uploaded"
"2020-10-23_Version5.1.201209.1644_ScannedImagesFolder_BF_L06_F14_210812101019_44199_003_Uploaded.png","2020-10-23","Version5.1.201209.1644","ScannedImagesFolder","BF","L06","F14","210812101019","44199","003","Uploaded"
"2020-10-23_Version5.1.201209.1644_ScannedImagesFolder_BF_L06_F14_210812101019_44199_004_Uploaded.png","2020-10-23","Version5.1.201209.1644","ScannedImagesFolder","BF","L06","F14","210812101019","44199","004","Uploaded"
"2020-10-23_Version5.1.201209.1644_ScannedImagesFolder_BF_L06_F14_210812101144_44412_003_Uploaded.png","2020-10-23","Version5.1.201209.1644","ScannedImagesFolder","BF","L06","F14","210812101144","44412","003","Uploaded"
"2020-10-23_Version5.1.201209.1644_ScannedImagesFolder_BF_L06_F14_210812101144_44412_004_Uploaded.png","2020-10-23","Version5.1.201209.1644","ScannedImagesFolder","BF","L06","F14","210812101144","44412","004","Uploaded"
"2020-10-23_Version5.1.201209.1644_ScannedImagesFolder_BF_L06_F14_210812101517_44797_003_Uploaded.png","2020-10-23","Version5.1.201209.1644","ScannedImagesFolder","BF","L06","F14","210812101517","44797","003","Uploaded"
"2020-10-23_Version5.1.201209.1644_ScannedImagesFolder_BF_L06_F14_210812101517_44797_004_Uploaded.png","2020-10-23","Version5.1.201209.1644","ScannedImagesFolder","BF","L06","F14","210812101517","44797","004","Uploaded"
"2020-10-23_Version5.1.201209.1644_ScannedImagesFolder_BF_L06_F14_210812101752_44838_003_Uploaded.png","2020-10-23","Version5.1.201209.1644","ScannedImagesFolder","BF","L06","F14","210812101752","44838","003","Uploaded"
"2020-10-23_Version5.1.201209.1644_ScannedImagesFolder_BF_L06_F14_210812101752_44838_004_Uploaded.png","2020-10-23","Version5.1.201209.1644","ScannedImagesFolder","BF","L06","F14","210812101752","44838","004","Uploaded"
"2020-10-23_Version5.1.201209.1644_ScannedImagesFolder_BF_L06_F14_210812102537_44368_003_Uploaded.png","2020-10-23","Version5.1.201209.1644","ScannedImagesFolder","BF","L06","F14","210812102537","44368","003","Uploaded"
"2020-10-23_Version5.1.201209.1644_ScannedImagesFolder_BF_L06_F14_210812102537_44368_004_Uploaded.png","2020-10-23","Version5.1.201209.1644","ScannedImagesFolder","BF","L06","F14","210812102537","44368","004","Uploaded"
"2020-10-23_Version5.1.201209.1644_ScannedImagesFolder_BF_L06_F14_210812135059_44781_003_Uploaded.png","2020-10-23","Version5.1.201209.1644","ScannedImagesFolder","BF","L06","F14","210812135059","44781","003","Uploaded"
"2020-10-23_Version5.1.201209.1644_ScannedImagesFolder_BF_L06_F14_210812135059_44781_004_Uploaded.png","2020-10-23","Version5.1.201209.1644","ScannedImagesFolder","BF","L06","F14","210812135059","44781","004","Uploaded"
"2020-10-23_Version5.1.201209.1644_ScannedImagesFolder_BF_L06_F14_210812135150_44324_003_Uploaded.png","2020-10-23","Version5.1.201209.1644","ScannedImagesFolder","BF","L06","F14","210812135150","44324","003","Uploaded"
"2020-10-23_Version5.1.201209.1644_ScannedImagesFolder_BF_L06_F14_210812135150_44324_004_Uploaded.png","2020-10-23","Version5.1.201209.1644","ScannedImagesFolder","BF","L06","F14","210812135150","44324","004","Uploaded"
"2020-10-23_Version5.1.201209.1644_ScannedImagesFolder_BF_L06_F15_210812134621_44606_003_Uploaded.png","2020-10-23","Version5.1.201209.1644","ScannedImagesFolder","BF","L06","F15","210812134621","44606","003","Uploaded"
"2020-10-23_Version5.1.201209.1644_ScannedImagesFolder_BF_L06_F15_210812134621_44606_004_Uploaded.png","2020-10-23","Version5.1.201209.1644","ScannedImagesFolder","BF","L06","F15","210812134621","44606","004","Uploaded"
"2020-10-23_Version5.1.201209.1644_ScannedImagesFolder_BF_L06_F15_210812134810_44477_003_Uploaded.png","2020-10-23","Version5.1.201209.1644","ScannedImagesFolder","BF","L06","F15","210812134810","44477","003","Uploaded"
"2020-10-23_Version5.1.201209.1644_ScannedImagesFolder_BF_L06_F15_210812134810_44477_004_Uploaded.png","2020-10-23","Version5.1.201209.1644","ScannedImagesFolder","BF","L06","F15","210812134810","44477","004","Uploaded"
"2020-10-23_Version5.1.201209.1644_ScannedImagesFolder_BF_L06_F15_210812134956_45033_003_Uploaded.png","2020-10-23","Version5.1.201209.1644","ScannedImagesFolder","BF","L06","F15","210812134956","45033","003","Uploaded"
"2020-10-23_Version5.1.201209.1644_ScannedImagesFolder_BF_L06_F15_210812134956_45033_004_Uploaded.png","2020-10-23","Version5.1.201209.1644","ScannedImagesFolder","BF","L06","F15","210812134956","45033","004","Uploaded"
"2020-10-23_Version5.1.201209.1644_ScannedImagesFolder_CC_L06_F13_210812102041_44207_000_Uploaded.png","2020-10-23","Version5.1.201209.1644","ScannedImagesFolder","CC","L06","F13","210812102041","44207","000","Uploaded"
"2020-10-23_Version5.1.201209.1644_ScannedImagesFolder_CC_L06_F13_210812102239_44988_000_Uploaded.png","2020-10-23","Version5.1.201209.1644","ScannedImagesFolder","CC","L06","F13","210812102239","44988","000","Uploaded"
"2020-10-23_Version5.1.201209.1644_ScannedImagesFolder_CC_L06_F13_210812102340_44821_000_Uploaded.png","2020-10-23","Version5.1.201209.1644","ScannedImagesFolder","CC","L06","F13","210812102340","44821","000","Uploaded"
"2020-10-23_Version5.1.201209.1644_ScannedImagesFolder_CC_L06_F13_210812103047_44709_000_Uploaded.png","2020-10-23","Version5.1.201209.1644","ScannedImagesFolder","CC","L06","F13","210812103047","44709","000","Uploaded"
"2020-10-23_Version5.1.201209.1644_ScannedImagesFolder_CC_L06_F13_210812103425_39693_000_Uploaded.png","2020-10-23","Version5.1.201209.1644","ScannedImagesFolder","CC","L06","F13","210812103425","39693","000","Uploaded"
"2020-10-23_Version5.1.201209.1644_ScannedImagesFolder_CC_L06_F14_210812101019_44199_000_Uploaded.png","2020-10-23","Version5.1.201209.1644","ScannedImagesFolder","CC","L06","F14","210812101019","44199","000","Uploaded"
"2020-10-23_Version5.1.201209.1644_ScannedImagesFolder_CC_L06_F14_210812101144_44412_000_Uploaded.png","2020-10-23","Version5.1.201209.1644","ScannedImagesFolder","CC","L06","F14","210812101144","44412","000","Uploaded"
"2020-10-23_Version5.1.201209.1644_ScannedImagesFolder_CC_L06_F14_210812101517_44797_000_Uploaded.png","2020-10-23","Version5.1.201209.1644","ScannedImagesFolder","CC","L06","F14","210812101517","44797","000","Uploaded"
"2020-10-23_Version5.1.201209.1644_ScannedImagesFolder_CC_L06_F14_210812101752_44838_000_Uploaded.png","2020-10-23","Version5.1.201209.1644","ScannedImagesFolder","CC","L06","F14","210812101752","44838","000","Uploaded"
"2020-10-23_Version5.1.201209.1644_ScannedImagesFolder_CC_L06_F14_210812102537_44368_000_Uploaded.png","2020-10-23","Version5.1.201209.1644","ScannedImagesFolder","CC","L06","F14","210812102537","44368","000","Uploaded"
"2020-10-23_Version5.1.201209.1644_ScannedImagesFolder_CC_L06_F14_210812135059_44781_000_Uploaded.png","2020-10-23","Version5.1.201209.1644","ScannedImagesFolder","CC","L06","F14","210812135059","44781","000","Uploaded"
"2020-10-23_Version5.1.201209.1644_ScannedImagesFolder_CC_L06_F14_210812135150_44324_000_Uploaded.png","2020-10-23","Version5.1.201209.1644","ScannedImagesFolder","CC","L06","F14","210812135150","44324","000","Uploaded"
"2020-10-23_Version5.1.201209.1644_ScannedImagesFolder_CC_L06_F15_210812134621_44606_000_Uploaded.png","2020-10-23","Version5.1.201209.1644","ScannedImagesFolder","CC","L06","F15","210812134621","44606","000","Uploaded"
"2020-10-23_Version5.1.201209.1644_ScannedImagesFolder_CC_L06_F15_210812134810_44477_000_Uploaded.png","2020-10-23","Version5.1.201209.1644","ScannedImagesFolder","CC","L06","F15","210812134810","44477","000","Uploaded"
"2020-10-23_Version5.1.201209.1644_ScannedImagesFolder_CC_L06_F15_210812134956_45033_000_Uploaded.png","2020-10-23","Version5.1.201209.1644","ScannedImagesFolder","CC","L06","F15","210812134956","45033","000","Uploaded"
"210419144846_metadata.json","210419144846","metadata"
"210419144846_userdefine.json","210419144846","userdefine"
"210708170833_metadata.json","210708170833","metadata"
"210708170833_userdefine.json","210708170833","userdefine"
"210708171312_metadata.json","210708171312","metadata"
"210708171312_userdefine.json","210708171312","userdefine"
"210708173249_metadata.json","210708173249","metadata"
"210708173249_userdefine.json","210708173249","userdefine"
"210803143120_metadata.json","210803143120","metadata"
"210803143120_userdefine.json","210803143120","userdefine"
"210812101019_metadata.json","210812101019","metadata"
"210812101019_userdefine.json","210812101019","userdefine"
"210812101144_metadata.json","210812101144","metadata"
"210812101144_userdefine.json","210812101144","userdefine"
"210812101517_metadata.json","210812101517","metadata"
"210812101517_userdefine.json","210812101517","userdefine"
"210812101752_metadata.json","210812101752","metadata"
"210812101752_userdefine.json","210812101752","userdefine"
"210812102041_metadata.json","210812102041","metadata"
"210812102041_userdefine.json","210812102041","userdefine"
"210812102239_metadata.json","210812102239","metadata"
"210812102239_userdefine.json","210812102239","userdefine"
"210812102340_metadata.json","210812102340","metadata"
"210812102340_userdefine.json","210812102340","userdefine"
"210812102537_metadata.json","210812102537","metadata"
"210812102537_userdefine.json","210812102537","userdefine"
"210812103047_metadata.json","210812103047","metadata"
"210812103047_userdefine.json","210812103047","userdefine"
"210812103425_metadata.json","210812103425","metadata"
"210812103425_userdefine.json","210812103425","userdefine"
"210812134621_metadata.json","210812134621","metadata"
"210812134621_userdefine.json","210812134621","userdefine"
"210812134810_metadata.json","210812134810","metadata"
"210812134810_userdefine.json","210812134810","userdefine"
"210812134956_metadata.json","210812134956","metadata"
"210812134956_userdefine.json","210812134956","userdefine"
"210812135059_metadata.json","210812135059","metadata"
"210812135059_userdefine.json","210812135059","userdefine"
"210812135150_metadata.json","210812135150","metadata"
"210812135150_userdefine.json","210812135150","userdefine"
"210813141714_metadata.json","210813141714","metadata"
"210813141714_userdefine.json","210813141714","userdefine"
"210813142328_metadata.json","210813142328","metadata"
"210813142328_userdefine.json","210813142328","userdefine"
"210813142603_metadata.json","210813142603","metadata"
"210813142603_userdefine.json","210813142603","userdefine"
"210813142902_metadata.json","210813142902","metadata"
"210813142902_userdefine.json","210813142902","userdefine"
"210813143005_metadata.json","210813143005","metadata"
"210813143005_userdefine.json","210813143005","userdefine"
"210813143106_metadata.json","210813143106","metadata"
"210813143106_userdefine.json","210813143106","userdefine"
"210813143214_metadata.json","210813143214","metadata"
"210813143214_userdefine.json","210813143214","userdefine"
"210813143420_metadata.json","210813143420","metadata"
"210813143420_userdefine.json","210813143420","userdefine"
"210813143535_metadata.json","210813143535","metadata"
"210813143535_userdefine.json","210813143535","userdefine"
"210813143719_metadata.json","210813143719","metadata"
"210813143719_Thumb.bmp","210813143719","Thumb"
"210813143719_userdefine.json","210813143719","userdefine"
"210813144011_metadata.json","210813144011","metadata"
"210813144011_Thumb.bmp","210813144011","Thumb"
"210813144011_userdefine.json","210813144011","userdefine"
"210813144123_metadata.json","210813144123","metadata"
"210813144123_Thumb.bmp","210813144123","Thumb"
"210813144123_userdefine.json","210813144123","userdefine"
"210813144311_metadata.json","210813144311","metadata"
"210813144311_Thumb.bmp","210813144311","Thumb"
"210813144311_userdefine.json","210813144311","userdefine"
"210813144402_metadata.json","210813144402","metadata"
"210813144402_Thumb.bmp","210813144402","Thumb"
"210813144402_userdefine.json","210813144402","userdefine"
"210813144455_metadata.json","210813144455","metadata"
"210813144455_Thumb.bmp","210813144455","Thumb"
"210813144455_userdefine.json","210813144455","userdefine"
"210813144620_metadata.json","210813144620","metadata"
"210813144620_Thumb.bmp","210813144620","Thumb"
"210813144620_userdefine.json","210813144620","userdefine"
"210813144919_metadata.json","210813144919","metadata"
"210813144919_Thumb.bmp","210813144919","Thumb"
"210813144919_userdefine.json","210813144919","userdefine"
"210813145020_metadata.json","210813145020","metadata"
"210813145020_Thumb.bmp","210813145020","Thumb"
"210813145020_userdefine.json","210813145020","userdefine"
"210813145116_metadata.json","210813145116","metadata"
"210813145116_Thumb.bmp","210813145116","Thumb"
"210813145116_userdefine.json","210813145116","userdefine"
"210813145207_metadata.json","210813145207","metadata"
"210813145207_Thumb.bmp","210813145207","Thumb"
"210813145207_userdefine.json","210813145207","userdefine"
"BallisticsIQCapture_ScannedImagesFolder_BF_L03_F13_210813142902_44418_000_Uploaded.png","BallisticsIQCapture","ScannedImagesFolder","BF","L03","F13","210813142902","44418","000","Uploaded"
"BallisticsIQCapture_ScannedImagesFolder_BF_L03_F13_210813143005_44468_000_Uploaded.png","BallisticsIQCapture","ScannedImagesFolder","BF","L03","F13","210813143005","44468","000","Uploaded"
"BallisticsIQCapture_ScannedImagesFolder_BF_L03_F13_210813143214_44751_000_Uploaded.png","BallisticsIQCapture","ScannedImagesFolder","BF","L03","F13","210813143214","44751","000","Uploaded"
"BallisticsIQCapture_ScannedImagesFolder_BF_L03_F13_210813143420_45444_000_Uploaded.png","BallisticsIQCapture","ScannedImagesFolder","BF","L03","F13","210813143420","45444","000","Uploaded"
"BallisticsIQCapture_ScannedImagesFolder_BF_L03_F13_210813143535_44343_000_Uploaded.png","BallisticsIQCapture","ScannedImagesFolder","BF","L03","F13","210813143535","44343","000","Uploaded"
"BallisticsIQCapture_ScannedImagesFolder_BF_L03_F13_210813144011_45283_000_Uploaded.png","BallisticsIQCapture","ScannedImagesFolder","BF","L03","F13","210813144011","45283","000","Uploaded"
"BallisticsIQCapture_ScannedImagesFolder_BF_L03_F13_210813144123_45140_000_Uploaded.png","BallisticsIQCapture","ScannedImagesFolder","BF","L03","F13","210813144123","45140","000","Uploaded"
"BallisticsIQCapture_ScannedImagesFolder_BF_L03_F13_210813144311_44503_000_Uploaded.png","BallisticsIQCapture","ScannedImagesFolder","BF","L03","F13","210813144311","44503","000","Uploaded"
"BallisticsIQCapture_ScannedImagesFolder_BF_L03_F13_210813144402_44398_000_Uploaded.png","BallisticsIQCapture","ScannedImagesFolder","BF","L03","F13","210813144402","44398","000","Uploaded"
"BallisticsIQCapture_ScannedImagesFolder_BF_L03_F13_210813144455_44444_000_Uploaded.png","BallisticsIQCapture","ScannedImagesFolder","BF","L03","F13","210813144455","44444","000","Uploaded"
"BallisticsIQCapture_ScannedImagesFolder_BF_L03_F13_210813144620_44546_000_Uploaded.png","BallisticsIQCapture","ScannedImagesFolder","BF","L03","F13","210813144620","44546","000","Uploaded"
"BallisticsIQCapture_ScannedImagesFolder_BF_L03_F13_210813144919_44874_000_Uploaded.png","BallisticsIQCapture","ScannedImagesFolder","BF","L03","F13","210813144919","44874","000","Uploaded"
"BallisticsIQCapture_ScannedImagesFolder_BF_L03_F14_210813141714_45183_000_Uploaded.png","BallisticsIQCapture","ScannedImagesFolder","BF","L03","F14","210813141714","45183","000","Uploaded"
"BallisticsIQCapture_ScannedImagesFolder_BF_L03_F14_210813142328_44661_000_Uploaded.png","BallisticsIQCapture","ScannedImagesFolder","BF","L03","F14","210813142328","44661","000","Uploaded"
"BallisticsIQCapture_ScannedImagesFolder_BF_L03_F14_210813142603_44534_000_Uploaded.png","BallisticsIQCapture","ScannedImagesFolder","BF","L03","F14","210813142603","44534","000","Uploaded"
"BallisticsIQCapture_ScannedImagesFolder_BF_L03_F14_210813143106_44393_000_Uploaded.png","BallisticsIQCapture","ScannedImagesFolder","BF","L03","F14","210813143106","44393","000","Uploaded"
"BallisticsIQCapture_ScannedImagesFolder_BF_L03_F14_210813143719_44846_000_Uploaded.png","BallisticsIQCapture","ScannedImagesFolder","BF","L03","F14","210813143719","44846","000","Uploaded"
"BallisticsIQCapture_ScannedImagesFolder_BF_L03_F14_210813145020_44126_000_Uploaded.png","BallisticsIQCapture","ScannedImagesFolder","BF","L03","F14","210813145020","44126","000","Uploaded"
"BallisticsIQCapture_ScannedImagesFolder_BF_L03_F14_210813145116_44291_000_Uploaded.png","BallisticsIQCapture","ScannedImagesFolder","BF","L03","F14","210813145116","44291","000","Uploaded"
"BallisticsIQCapture_ScannedImagesFolder_BF_L03_F14_210813145207_44054_000_Uploaded.png","BallisticsIQCapture","ScannedImagesFolder","BF","L03","F14","210813145207","44054","000","Uploaded"
"BallisticsIQCapture_ScannedImagesFolder_BF_L03_F15_210419144846_51647_000_Uploaded.png","BallisticsIQCapture","ScannedImagesFolder","BF","L03","F15","210419144846","51647","000","Uploaded"
"BallisticsIQCapture_ScannedImagesFolder_BF_L03_F15_210708170833_45619_000_Uploaded.png","BallisticsIQCapture","ScannedImagesFolder","BF","L03","F15","210708170833","45619","000","Uploaded"
"BallisticsIQCapture_ScannedImagesFolder_BF_L03_F15_210708171312_46519_000_Uploaded.png","BallisticsIQCapture","ScannedImagesFolder","BF","L03","F15","210708171312","46519","000","Uploaded"
"BallisticsIQCapture_ScannedImagesFolder_BF_L03_F15_210708173249_46663_000_Uploaded.png","BallisticsIQCapture","ScannedImagesFolder","BF","L03","F15","210708173249","46663","000","Uploaded"
"BallisticsIQCapture_ScannedImagesFolder_BF_L03_F15_210803143120_45205_000_Uploaded.png","BallisticsIQCapture","ScannedImagesFolder","BF","L03","F15","210803143120","45205","000","Uploaded"
"BallisticsIQCapture_ScannedImagesFolder_BF_L05_F13_210813142902_44418_001_Uploaded.png","BallisticsIQCapture","ScannedImagesFolder","BF","L05","F13","210813142902","44418","001","Uploaded"
"BallisticsIQCapture_ScannedImagesFolder_BF_L05_F13_210813142902_44418_002_Uploaded.png","BallisticsIQCapture","ScannedImagesFolder","BF","L05","F13","210813142902","44418","002","Uploaded"
"BallisticsIQCapture_ScannedImagesFolder_BF_L05_F13_210813143005_44468_001_Uploaded.png","BallisticsIQCapture","ScannedImagesFolder","BF","L05","F13","210813143005","44468","001","Uploaded"
"BallisticsIQCapture_ScannedImagesFolder_BF_L05_F13_210813143005_44468_002_Uploaded.png","BallisticsIQCapture","ScannedImagesFolder","BF","L05","F13","210813143005","44468","002","Uploaded"
"BallisticsIQCapture_ScannedImagesFolder_BF_L05_F13_210813143214_44751_001_Uploaded.png","BallisticsIQCapture","ScannedImagesFolder","BF","L05","F13","210813143214","44751","001","Uploaded"
"BallisticsIQCapture_ScannedImagesFolder_BF_L05_F13_210813143214_44751_002_Uploaded.png","BallisticsIQCapture","ScannedImagesFolder","BF","L05","F13","210813143214","44751","002","Uploaded"
"BallisticsIQCapture_ScannedImagesFolder_BF_L05_F13_210813143420_45444_001_Uploaded.png","BallisticsIQCapture","ScannedImagesFolder","BF","L05","F13","210813143420","45444","001","Uploaded"
"BallisticsIQCapture_ScannedImagesFolder_BF_L05_F13_210813143420_45444_002_Uploaded.png","BallisticsIQCapture","ScannedImagesFolder","BF","L05","F13","210813143420","45444","002","Uploaded"
"BallisticsIQCapture_ScannedImagesFolder_BF_L05_F13_210813143535_44343_001_Uploaded.png","BallisticsIQCapture","ScannedImagesFolder","BF","L05","F13","210813143535","44343","001","Uploaded"
"BallisticsIQCapture_ScannedImagesFolder_BF_L05_F13_210813143535_44343_002_Uploaded.png","BallisticsIQCapture","ScannedImagesFolder","BF","L05","F13","210813143535","44343","002","Uploaded"
"BallisticsIQCapture_ScannedImagesFolder_BF_L05_F13_210813144011_45283_001_Uploaded.png","BallisticsIQCapture","ScannedImagesFolder","BF","L05","F13","210813144011","45283","001","Uploaded"
"BallisticsIQCapture_ScannedImagesFolder_BF_L05_F13_210813144011_45283_002_Uploaded.png","BallisticsIQCapture","ScannedImagesFolder","BF","L05","F13","210813144011","45283","002","Uploaded"
"BallisticsIQCapture_ScannedImagesFolder_BF_L05_F13_210813144123_45140_001_Uploaded.png","BallisticsIQCapture","ScannedImagesFolder","BF","L05","F13","210813144123","45140","001","Uploaded"
"BallisticsIQCapture_ScannedImagesFolder_BF_L05_F13_210813144123_45140_002_Uploaded.png","BallisticsIQCapture","ScannedImagesFolder","BF","L05","F13","210813144123","45140","002","Uploaded"
"BallisticsIQCapture_ScannedImagesFolder_BF_L05_F13_210813144311_44503_001_Uploaded.png","BallisticsIQCapture","ScannedImagesFolder","BF","L05","F13","210813144311","44503","001","Uploaded"
"BallisticsIQCapture_ScannedImagesFolder_BF_L05_F13_210813144311_44503_002_Uploaded.png","BallisticsIQCapture","ScannedImagesFolder","BF","L05","F13","210813144311","44503","002","Uploaded"
"BallisticsIQCapture_ScannedImagesFolder_BF_L05_F13_210813144402_44398_001_Uploaded.png","BallisticsIQCapture","ScannedImagesFolder","BF","L05","F13","210813144402","44398","001","Uploaded"
"BallisticsIQCapture_ScannedImagesFolder_BF_L05_F13_210813144402_44398_002_Uploaded.png","BallisticsIQCapture","ScannedImagesFolder","BF","L05","F13","210813144402","44398","002","Uploaded"
"BallisticsIQCapture_ScannedImagesFolder_BF_L05_F13_210813144455_44444_001_Uploaded.png","BallisticsIQCapture","ScannedImagesFolder","BF","L05","F13","210813144455","44444","001","Uploaded"
"BallisticsIQCapture_ScannedImagesFolder_BF_L05_F13_210813144455_44444_002_Uploaded.png","BallisticsIQCapture","ScannedImagesFolder","BF","L05","F13","210813144455","44444","002","Uploaded"
"BallisticsIQCapture_ScannedImagesFolder_BF_L05_F13_210813144620_44546_001_Uploaded.png","BallisticsIQCapture","ScannedImagesFolder","BF","L05","F13","210813144620","44546","001","Uploaded"
"BallisticsIQCapture_ScannedImagesFolder_BF_L05_F13_210813144620_44546_002_Uploaded.png","BallisticsIQCapture","ScannedImagesFolder","BF","L05","F13","210813144620","44546","002","Uploaded"
"BallisticsIQCapture_ScannedImagesFolder_BF_L05_F13_210813144919_44874_001_Uploaded.png","BallisticsIQCapture","ScannedImagesFolder","BF","L05","F13","210813144919","44874","001","Uploaded"
"BallisticsIQCapture_ScannedImagesFolder_BF_L05_F13_210813144919_44874_002_Uploaded.png","BallisticsIQCapture","ScannedImagesFolder","BF","L05","F13","210813144919","44874","002","Uploaded"
"BallisticsIQCapture_ScannedImagesFolder_BF_L05_F14_210813141714_45183_001_Uploaded.png","BallisticsIQCapture","ScannedImagesFolder","BF","L05","F14","210813141714","45183","001","Uploaded"
"BallisticsIQCapture_ScannedImagesFolder_BF_L05_F14_210813141714_45183_002_Uploaded.png","BallisticsIQCapture","ScannedImagesFolder","BF","L05","F14","210813141714","45183","002","Uploaded"
"BallisticsIQCapture_ScannedImagesFolder_BF_L05_F14_210813142328_44661_001_Uploaded.png","BallisticsIQCapture","ScannedImagesFolder","BF","L05","F14","210813142328","44661","001","Uploaded"
"BallisticsIQCapture_ScannedImagesFolder_BF_L05_F14_210813142328_44661_002_Uploaded.png","BallisticsIQCapture","ScannedImagesFolder","BF","L05","F14","210813142328","44661","002","Uploaded"
"BallisticsIQCapture_ScannedImagesFolder_BF_L05_F14_210813142603_44534_001_Uploaded.png","BallisticsIQCapture","ScannedImagesFolder","BF","L05","F14","210813142603","44534","001","Uploaded"
"BallisticsIQCapture_ScannedImagesFolder_BF_L05_F14_210813142603_44534_002_Uploaded.png","BallisticsIQCapture","ScannedImagesFolder","BF","L05","F14","210813142603","44534","002","Uploaded"
"BallisticsIQCapture_ScannedImagesFolder_BF_L05_F14_210813143106_44393_001_Uploaded.png","BallisticsIQCapture","ScannedImagesFolder","BF","L05","F14","210813143106","44393","001","Uploaded"
"BallisticsIQCapture_ScannedImagesFolder_BF_L05_F14_210813143106_44393_002_Uploaded.png","BallisticsIQCapture","ScannedImagesFolder","BF","L05","F14","210813143106","44393","002","Uploaded"
"BallisticsIQCapture_ScannedImagesFolder_BF_L05_F14_210813143719_44846_001_Uploaded.png","BallisticsIQCapture","ScannedImagesFolder","BF","L05","F14","210813143719","44846","001","Uploaded"
"BallisticsIQCapture_ScannedImagesFolder_BF_L05_F14_210813143719_44846_002_Uploaded.png","BallisticsIQCapture","ScannedImagesFolder","BF","L05","F14","210813143719","44846","002","Uploaded"
"BallisticsIQCapture_ScannedImagesFolder_BF_L05_F14_210813145020_44126_001_Uploaded.png","BallisticsIQCapture","ScannedImagesFolder","BF","L05","F14","210813145020","44126","001","Uploaded"
"BallisticsIQCapture_ScannedImagesFolder_BF_L05_F14_210813145020_44126_002_Uploaded.png","BallisticsIQCapture","ScannedImagesFolder","BF","L05","F14","210813145020","44126","002","Uploaded"
"BallisticsIQCapture_ScannedImagesFolder_BF_L05_F14_210813145116_44291_001_Uploaded.png","BallisticsIQCapture","ScannedImagesFolder","BF","L05","F14","210813145116","44291","001","Uploaded"
"BallisticsIQCapture_ScannedImagesFolder_BF_L05_F14_210813145116_44291_002_Uploaded.png","BallisticsIQCapture","ScannedImagesFolder","BF","L05","F14","210813145116","44291","002","Uploaded"
"BallisticsIQCapture_ScannedImagesFolder_BF_L05_F14_210813145207_44054_001_Uploaded.png","BallisticsIQCapture","ScannedImagesFolder","BF","L05","F14","210813145207","44054","001","Uploaded"
"BallisticsIQCapture_ScannedImagesFolder_BF_L05_F14_210813145207_44054_002_Uploaded.png","BallisticsIQCapture","ScannedImagesFolder","BF","L05","F14","210813145207","44054","002","Uploaded"
"BallisticsIQCapture_ScannedImagesFolder_BF_L05_F15_210419144846_51647_001_Uploaded.png","BallisticsIQCapture","ScannedImagesFolder","BF","L05","F15","210419144846","51647","001","Uploaded"
"BallisticsIQCapture_ScannedImagesFolder_BF_L05_F15_210419144846_51647_002_Uploaded.png","BallisticsIQCapture","ScannedImagesFolder","BF","L05","F15","210419144846","51647","002","Uploaded"
"BallisticsIQCapture_ScannedImagesFolder_BF_L05_F15_210419144846_51647_003_Uploaded.png","BallisticsIQCapture","ScannedImagesFolder","BF","L05","F15","210419144846","51647","003","Uploaded"
"BallisticsIQCapture_ScannedImagesFolder_BF_L05_F15_210708170833_45619_001_Uploaded.png","BallisticsIQCapture","ScannedImagesFolder","BF","L05","F15","210708170833","45619","001","Uploaded"
"BallisticsIQCapture_ScannedImagesFolder_BF_L05_F15_210708170833_45619_002_Uploaded.png","BallisticsIQCapture","ScannedImagesFolder","BF","L05","F15","210708170833","45619","002","Uploaded"
"BallisticsIQCapture_ScannedImagesFolder_BF_L05_F15_210708170833_45619_003_Uploaded.png","BallisticsIQCapture","ScannedImagesFolder","BF","L05","F15","210708170833","45619","003","Uploaded"
"BallisticsIQCapture_ScannedImagesFolder_BF_L05_F15_210708171312_46519_001_Uploaded.png","BallisticsIQCapture","ScannedImagesFolder","BF","L05","F15","210708171312","46519","001","Uploaded"
"BallisticsIQCapture_ScannedImagesFolder_BF_L05_F15_210708171312_46519_002_Uploaded.png","BallisticsIQCapture","ScannedImagesFolder","BF","L05","F15","210708171312","46519","002","Uploaded"
"BallisticsIQCapture_ScannedImagesFolder_BF_L05_F15_210708171312_46519_003_Uploaded.png","BallisticsIQCapture","ScannedImagesFolder","BF","L05","F15","210708171312","46519","003","Uploaded"
"BallisticsIQCapture_ScannedImagesFolder_BF_L05_F15_210708173249_46663_001_Uploaded.png","BallisticsIQCapture","ScannedImagesFolder","BF","L05","F15","210708173249","46663","001","Uploaded"
"BallisticsIQCapture_ScannedImagesFolder_BF_L05_F15_210708173249_46663_002_Uploaded.png","BallisticsIQCapture","ScannedImagesFolder","BF","L05","F15","210708173249","46663","002","Uploaded"
"BallisticsIQCapture_ScannedImagesFolder_BF_L05_F15_210803143120_45205_001_Uploaded.png","BallisticsIQCapture","ScannedImagesFolder","BF","L05","F15","210803143120","45205","001","Uploaded"
"BallisticsIQCapture_ScannedImagesFolder_BF_L05_F15_210803143120_45205_002_Uploaded.png","BallisticsIQCapture","ScannedImagesFolder","BF","L05","F15","210803143120","45205","002","Uploaded"
"BallisticsIQCapture_ScannedImagesFolder_BF_L06_F13_210813142902_44418_003_Uploaded.png","BallisticsIQCapture","ScannedImagesFolder","BF","L06","F13","210813142902","44418","003","Uploaded"
"BallisticsIQCapture_ScannedImagesFolder_BF_L06_F13_210813142902_44418_004_Uploaded.png","BallisticsIQCapture","ScannedImagesFolder","BF","L06","F13","210813142902","44418","004","Uploaded"
"BallisticsIQCapture_ScannedImagesFolder_BF_L06_F13_210813143005_44468_003_Uploaded.png","BallisticsIQCapture","ScannedImagesFolder","BF","L06","F13","210813143005","44468","003","Uploaded"
"BallisticsIQCapture_ScannedImagesFolder_BF_L06_F13_210813143005_44468_004_Uploaded.png","BallisticsIQCapture","ScannedImagesFolder","BF","L06","F13","210813143005","44468","004","Uploaded"
"BallisticsIQCapture_ScannedImagesFolder_BF_L06_F13_210813143214_44751_003_Uploaded.png","BallisticsIQCapture","ScannedImagesFolder","BF","L06","F13","210813143214","44751","003","Uploaded"
"BallisticsIQCapture_ScannedImagesFolder_BF_L06_F13_210813143214_44751_004_Uploaded.png","BallisticsIQCapture","ScannedImagesFolder","BF","L06","F13","210813143214","44751","004","Uploaded"
"BallisticsIQCapture_ScannedImagesFolder_BF_L06_F13_210813143420_45444_003_Uploaded.png","BallisticsIQCapture","ScannedImagesFolder","BF","L06","F13","210813143420","45444","003","Uploaded"
"BallisticsIQCapture_ScannedImagesFolder_BF_L06_F13_210813143420_45444_004_Uploaded.png","BallisticsIQCapture","ScannedImagesFolder","BF","L06","F13","210813143420","45444","004","Uploaded"
"BallisticsIQCapture_ScannedImagesFolder_BF_L06_F13_210813143535_44343_003_Uploaded.png","BallisticsIQCapture","ScannedImagesFolder","BF","L06","F13","210813143535","44343","003","Uploaded"
"BallisticsIQCapture_ScannedImagesFolder_BF_L06_F13_210813143535_44343_004_Uploaded.png","BallisticsIQCapture","ScannedImagesFolder","BF","L06","F13","210813143535","44343","004","Uploaded"
"BallisticsIQCapture_ScannedImagesFolder_BF_L06_F13_210813144011_45283_003_Uploaded.png","BallisticsIQCapture","ScannedImagesFolder","BF","L06","F13","210813144011","45283","003","Uploaded"
"BallisticsIQCapture_ScannedImagesFolder_BF_L06_F13_210813144011_45283_004_Uploaded.png","BallisticsIQCapture","ScannedImagesFolder","BF","L06","F13","210813144011","45283","004","Uploaded"
"BallisticsIQCapture_ScannedImagesFolder_BF_L06_F13_210813144123_45140_003_Uploaded.png","BallisticsIQCapture","ScannedImagesFolder","BF","L06","F13","210813144123","45140","003","Uploaded"
"BallisticsIQCapture_ScannedImagesFolder_BF_L06_F13_210813144123_45140_004_Uploaded.png","BallisticsIQCapture","ScannedImagesFolder","BF","L06","F13","210813144123","45140","004","Uploaded"
"BallisticsIQCapture_ScannedImagesFolder_BF_L06_F13_210813144311_44503_003_Uploaded.png","BallisticsIQCapture","ScannedImagesFolder","BF","L06","F13","210813144311","44503","003","Uploaded"
"BallisticsIQCapture_ScannedImagesFolder_BF_L06_F13_210813144311_44503_004_Uploaded.png","BallisticsIQCapture","ScannedImagesFolder","BF","L06","F13","210813144311","44503","004","Uploaded"
"BallisticsIQCapture_ScannedImagesFolder_BF_L06_F13_210813144402_44398_003_Uploaded.png","BallisticsIQCapture","ScannedImagesFolder","BF","L06","F13","210813144402","44398","003","Uploaded"
"BallisticsIQCapture_ScannedImagesFolder_BF_L06_F13_210813144402_44398_004_Uploaded.png","BallisticsIQCapture","ScannedImagesFolder","BF","L06","F13","210813144402","44398","004","Uploaded"
"BallisticsIQCapture_ScannedImagesFolder_BF_L06_F13_210813144455_44444_003_Uploaded.png","BallisticsIQCapture","ScannedImagesFolder","BF","L06","F13","210813144455","44444","003","Uploaded"
"BallisticsIQCapture_ScannedImagesFolder_BF_L06_F13_210813144455_44444_004_Uploaded.png","BallisticsIQCapture","ScannedImagesFolder","BF","L06","F13","210813144455","44444","004","Uploaded"
"BallisticsIQCapture_ScannedImagesFolder_BF_L06_F13_210813144620_44546_003_Uploaded.png","BallisticsIQCapture","ScannedImagesFolder","BF","L06","F13","210813144620","44546","003","Uploaded"
"BallisticsIQCapture_ScannedImagesFolder_BF_L06_F13_210813144620_44546_004_Uploaded.png","BallisticsIQCapture","ScannedImagesFolder","BF","L06","F13","210813144620","44546","004","Uploaded"
"BallisticsIQCapture_ScannedImagesFolder_BF_L06_F13_210813144919_44874_003_Uploaded.png","BallisticsIQCapture","ScannedImagesFolder","BF","L06","F13","210813144919","44874","003","Uploaded"
"BallisticsIQCapture_ScannedImagesFolder_BF_L06_F13_210813144919_44874_004_Uploaded.png","BallisticsIQCapture","ScannedImagesFolder","BF","L06","F13","210813144919","44874","004","Uploaded"
"BallisticsIQCapture_ScannedImagesFolder_BF_L06_F14_210813141714_45183_003_Uploaded.png","BallisticsIQCapture","ScannedImagesFolder","BF","L06","F14","210813141714","45183","003","Uploaded"
"BallisticsIQCapture_ScannedImagesFolder_BF_L06_F14_210813141714_45183_004_Uploaded.png","BallisticsIQCapture","ScannedImagesFolder","BF","L06","F14","210813141714","45183","004","Uploaded"
"BallisticsIQCapture_ScannedImagesFolder_BF_L06_F14_210813142328_44661_003_Uploaded.png","BallisticsIQCapture","ScannedImagesFolder","BF","L06","F14","210813142328","44661","003","Uploaded"
"BallisticsIQCapture_ScannedImagesFolder_BF_L06_F14_210813142328_44661_004_Uploaded.png","BallisticsIQCapture","ScannedImagesFolder","BF","L06","F14","210813142328","44661","004","Uploaded"
"BallisticsIQCapture_ScannedImagesFolder_BF_L06_F14_210813142603_44534_003_Uploaded.png","BallisticsIQCapture","ScannedImagesFolder","BF","L06","F14","210813142603","44534","003","Uploaded"
"BallisticsIQCapture_ScannedImagesFolder_BF_L06_F14_210813142603_44534_004_Uploaded.png","BallisticsIQCapture","ScannedImagesFolder","BF","L06","F14","210813142603","44534","004","Uploaded"
"BallisticsIQCapture_ScannedImagesFolder_BF_L06_F14_210813143106_44393_003_Uploaded.png","BallisticsIQCapture","ScannedImagesFolder","BF","L06","F14","210813143106","44393","003","Uploaded"
"BallisticsIQCapture_ScannedImagesFolder_BF_L06_F14_210813143106_44393_004_Uploaded.png","BallisticsIQCapture","ScannedImagesFolder","BF","L06","F14","210813143106","44393","004","Uploaded"
"BallisticsIQCapture_ScannedImagesFolder_BF_L06_F14_210813143719_44846_003_Uploaded.png","BallisticsIQCapture","ScannedImagesFolder","BF","L06","F14","210813143719","44846","003","Uploaded"
"BallisticsIQCapture_ScannedImagesFolder_BF_L06_F14_210813143719_44846_004_Uploaded.png","BallisticsIQCapture","ScannedImagesFolder","BF","L06","F14","210813143719","44846","004","Uploaded"
"BallisticsIQCapture_ScannedImagesFolder_BF_L06_F14_210813145020_44126_003_Uploaded.png","BallisticsIQCapture","ScannedImagesFolder","BF","L06","F14","210813145020","44126","003","Uploaded"
"BallisticsIQCapture_ScannedImagesFolder_BF_L06_F14_210813145020_44126_004_Uploaded.png","BallisticsIQCapture","ScannedImagesFolder","BF","L06","F14","210813145020","44126","004","Uploaded"
"BallisticsIQCapture_ScannedImagesFolder_BF_L06_F14_210813145116_44291_003_Uploaded.png","BallisticsIQCapture","ScannedImagesFolder","BF","L06","F14","210813145116","44291","003","Uploaded"
"BallisticsIQCapture_ScannedImagesFolder_BF_L06_F14_210813145116_44291_004_Uploaded.png","BallisticsIQCapture","ScannedImagesFolder","BF","L06","F14","210813145116","44291","004","Uploaded"
"BallisticsIQCapture_ScannedImagesFolder_BF_L06_F14_210813145207_44054_003_Uploaded.png","BallisticsIQCapture","ScannedImagesFolder","BF","L06","F14","210813145207","44054","003","Uploaded"
"BallisticsIQCapture_ScannedImagesFolder_BF_L06_F14_210813145207_44054_004_Uploaded.png","BallisticsIQCapture","ScannedImagesFolder","BF","L06","F14","210813145207","44054","004","Uploaded"
"BallisticsIQCapture_ScannedImagesFolder_BF_L06_F15_210419144846_51647_004_Uploaded.png","BallisticsIQCapture","ScannedImagesFolder","BF","L06","F15","210419144846","51647","004","Uploaded"
"BallisticsIQCapture_ScannedImagesFolder_BF_L06_F15_210708170833_45619_004_Uploaded.png","BallisticsIQCapture","ScannedImagesFolder","BF","L06","F15","210708170833","45619","004","Uploaded"
"BallisticsIQCapture_ScannedImagesFolder_BF_L06_F15_210708171312_46519_004_Uploaded.png","BallisticsIQCapture","ScannedImagesFolder","BF","L06","F15","210708171312","46519","004","Uploaded"
"BallisticsIQCapture_ScannedImagesFolder_BF_L06_F15_210708173249_46663_003_Uploaded.png","BallisticsIQCapture","ScannedImagesFolder","BF","L06","F15","210708173249","46663","003","Uploaded"
"BallisticsIQCapture_ScannedImagesFolder_BF_L06_F15_210708173249_46663_004_Uploaded.png","BallisticsIQCapture","ScannedImagesFolder","BF","L06","F15","210708173249","46663","004","Uploaded"
"BallisticsIQCapture_ScannedImagesFolder_BF_L06_F15_210803143120_45205_003_Uploaded.png","BallisticsIQCapture","ScannedImagesFolder","BF","L06","F15","210803143120","45205","003","Uploaded"
"BallisticsIQCapture_ScannedImagesFolder_BF_L06_F15_210803143120_45205_004_Uploaded.png","BallisticsIQCapture","ScannedImagesFolder","BF","L06","F15","210803143120","45205","004","Uploaded"
"BallisticsIQCapture_ScannedImagesFolder_CC_L06_F13_210813142902_44418_000_Uploaded.png","BallisticsIQCapture","ScannedImagesFolder","CC","L06","F13","210813142902","44418","000","Uploaded"
"BallisticsIQCapture_ScannedImagesFolder_CC_L06_F13_210813143005_44468_000_Uploaded.png","BallisticsIQCapture","ScannedImagesFolder","CC","L06","F13","210813143005","44468","000","Uploaded"
"BallisticsIQCapture_ScannedImagesFolder_CC_L06_F13_210813143214_44751_000_Uploaded.png","BallisticsIQCapture","ScannedImagesFolder","CC","L06","F13","210813143214","44751","000","Uploaded"
"BallisticsIQCapture_ScannedImagesFolder_CC_L06_F13_210813143420_45444_000_Uploaded.png","BallisticsIQCapture","ScannedImagesFolder","CC","L06","F13","210813143420","45444","000","Uploaded"
"BallisticsIQCapture_ScannedImagesFolder_CC_L06_F13_210813143535_44343_000_Uploaded.png","BallisticsIQCapture","ScannedImagesFolder","CC","L06","F13","210813143535","44343","000","Uploaded"
"BallisticsIQCapture_ScannedImagesFolder_CC_L06_F13_210813144011_45283_000_Uploaded.png","BallisticsIQCapture","ScannedImagesFolder","CC","L06","F13","210813144011","45283","000","Uploaded"
"BallisticsIQCapture_ScannedImagesFolder_CC_L06_F13_210813144123_45140_000_Uploaded.png","BallisticsIQCapture","ScannedImagesFolder","CC","L06","F13","210813144123","45140","000","Uploaded"
"BallisticsIQCapture_ScannedImagesFolder_CC_L06_F13_210813144311_44503_000_Uploaded.png","BallisticsIQCapture","ScannedImagesFolder","CC","L06","F13","210813144311","44503","000","Uploaded"
"BallisticsIQCapture_ScannedImagesFolder_CC_L06_F13_210813144402_44398_000_Uploaded.png","BallisticsIQCapture","ScannedImagesFolder","CC","L06","F13","210813144402","44398","000","Uploaded"
"BallisticsIQCapture_ScannedImagesFolder_CC_L06_F13_210813144455_44444_000_Uploaded.png","BallisticsIQCapture","ScannedImagesFolder","CC","L06","F13","210813144455","44444","000","Uploaded"
"BallisticsIQCapture_ScannedImagesFolder_CC_L06_F13_210813144620_44546_000_Uploaded.png","BallisticsIQCapture","ScannedImagesFolder","CC","L06","F13","210813144620","44546","000","Uploaded"
"BallisticsIQCapture_ScannedImagesFolder_CC_L06_F13_210813144919_44874_000_Uploaded.png","BallisticsIQCapture","ScannedImagesFolder","CC","L06","F13","210813144919","44874","000","Uploaded"
"BallisticsIQCapture_ScannedImagesFolder_CC_L06_F14_210813141714_45183_000_Uploaded.png","BallisticsIQCapture","ScannedImagesFolder","CC","L06","F14","210813141714","45183","000","Uploaded"
"BallisticsIQCapture_ScannedImagesFolder_CC_L06_F14_210813142328_44661_000_Uploaded.png","BallisticsIQCapture","ScannedImagesFolder","CC","L06","F14","210813142328","44661","000","Uploaded"
"BallisticsIQCapture_ScannedImagesFolder_CC_L06_F14_210813142603_44534_000_Uploaded.png","BallisticsIQCapture","ScannedImagesFolder","CC","L06","F14","210813142603","44534","000","Uploaded"
"BallisticsIQCapture_ScannedImagesFolder_CC_L06_F14_210813143106_44393_000_Uploaded.png","BallisticsIQCapture","ScannedImagesFolder","CC","L06","F14","210813143106","44393","000","Uploaded"
"BallisticsIQCapture_ScannedImagesFolder_CC_L06_F14_210813143719_44846_000_Uploaded.png","BallisticsIQCapture","ScannedImagesFolder","CC","L06","F14","210813143719","44846","000","Uploaded"
"BallisticsIQCapture_ScannedImagesFolder_CC_L06_F14_210813145020_44126_000_Uploaded.png","BallisticsIQCapture","ScannedImagesFolder","CC","L06","F14","210813145020","44126","000","Uploaded"
"BallisticsIQCapture_ScannedImagesFolder_CC_L06_F14_210813145116_44291_000_Uploaded.png","BallisticsIQCapture","ScannedImagesFolder","CC","L06","F14","210813145116","44291","000","Uploaded"
"BallisticsIQCapture_ScannedImagesFolder_CC_L06_F14_210813145207_44054_000_Uploaded.png","BallisticsIQCapture","ScannedImagesFolder","CC","L06","F14","210813145207","44054","000","Uploaded"
"BallisticsIQCapture_ScannedImagesFolder_CC_L06_F15_210419144846_51647_000_Uploaded.png","BallisticsIQCapture","ScannedImagesFolder","CC","L06","F15","210419144846","51647","000","Uploaded"
"BallisticsIQCapture_ScannedImagesFolder_CC_L06_F15_210708170833_45619_000_Uploaded.png","BallisticsIQCapture","ScannedImagesFolder","CC","L06","F15","210708170833","45619","000","Uploaded"
"BallisticsIQCapture_ScannedImagesFolder_CC_L06_F15_210708171312_46519_000_Uploaded.png","BallisticsIQCapture","ScannedImagesFolder","CC","L06","F15","210708171312","46519","000","Uploaded"
"BallisticsIQCapture_ScannedImagesFolder_CC_L06_F15_210708173249_46663_000_Uploaded.png","BallisticsIQCapture","ScannedImagesFolder","CC","L06","F15","210708173249","46663","000","Uploaded"
"BallisticsIQCapture_ScannedImagesFolder_CC_L06_F15_210803143120_45205_000_Uploaded.png","BallisticsIQCapture","ScannedImagesFolder","CC","L06","F15","210803143120","45205","000","Uploaded"
"DataUpload.csv","DataUpload"
"UserDefineCircle.csv","UserDefineCircle"
